"Organism","VEuPathDB Project","Genome Source","Genome Version/Assembly ID","Structural Annotation Version","Is Reference Strain","Contigs","Chromosomes","Protein coding genes","Non Protein coding genes","Pseudogenes","User comments","Orthologs","GO terms","EC#","Species","NCBI taxon ID"
"Edhazardia aedis USNM 41457","MicrosporidiaDB","GenBank","Aug 05, 2015","Aug 05, 2015","yes","1429","0","4190","72","2","null","4190","1065","98","Edhazardia aedis","1003232"
"Aspergillus kawachii IFO 4308","FungiDB","GenBank","Oct 2, 2015","Oct 2, 2015","yes","1016","0","11488","267","0","1","11488","6199","708","Aspergillus kawachii","1033177"
"Aspergillus versicolor CBS 583.65","FungiDB","GenBank","Dec 07, 2016","Dec 07, 2016","yes","0","0","13222","142","1","null","13222","7237","675","Aspergillus versicolor","1036611"
"Aspergillus sydowii CBS 593.65","FungiDB","GenBank","Dec 08, 2016","Dec 08, 2016","yes","0","0","13579","138","1","null","13579","7210","683","Aspergillus sydowii","1036612"
"Phytophthora cinnamomi var. cinnamomi CBS 144.22","FungiDB","JGI","1","1","yes","0","0","26131","70","10","null","26131","8312","null","Phytophthora cinnamomi","1048749"
"Trypanosoma vivax Y486","TriTrypDB","GeneDB","Jun 06, 2016","Jun 06, 2016","yes","8279","11","11394","656","382","35","11012","5629","670","Trypanosoma vivax","1055687"
"Trypanosoma congolense IL3000","TriTrypDB","GeneDB","Jun 06, 2016","Jun 06, 2016","yes","2828","11","11585","207","330","65","11255","5954","147","Trypanosoma congolense","1068625"
"Aspergillus wentii DTO 134E9","FungiDB","GenBank","Dec 08, 2016","Dec 08, 2016","yes","0","0","12435","224","3","null","12435","6447","662","Aspergillus wentii","1073089"
"Aspergillus zonatus CBS 506.65","FungiDB","GenBank","Dec 08, 2016","Dec 08, 2016","yes","0","0","9869","158","3","null","9869","5231","600","Aspergillus zonatus","1073090"
"Toxoplasma gondii ARI","ToxoDB","GenBank","GCA_000250965.2","2016-03-14","no","0","0","9958","190","0","null","9958","5773","1607","Toxoplasma gondii","1074872"
"Toxoplasma gondii COUG","ToxoDB","GenBank","GCA_000338675.2","2017-11-07","no","4075","0","9869","173","0","null","9869","5829","1612","Toxoplasma gondii","1074873"
"Entamoeba nuttalli P19","AmoebaDB","GenBank","GCF_000257125.1","2015-03-18","yes","0","0","6187","6","0","null","6187","3865","490","Entamoeba nuttalli","1076696"
"Fusarium oxysporum f. sp. cubense tropical race 4 54006","FungiDB","GenBank","Mar 23, 2015","Mar 23, 2015","no","0","0","16634","341","7","null","16634","7826","749","Fusarium oxysporum","1089451"
"Fusarium oxysporum f. sp. melonis 26406","FungiDB","GenBank","Dec 24, 2017","Dec 24, 2017","no","0","0","19661","372","10","null","19661","8594","802","Fusarium oxysporum","1089452"
"Phytophthora sojae strain P6497","FungiDB","GenBank","Mar 14, 2015","Mar 14, 2015","yes","0","0","26492","1650","25","13","26489","8578","49","Phytophthora sojae","1094619"
"Plasmodium cynomolgi strain B","PlasmoDB","GenBank","Sep 19, 2012","Sep 19, 2012","no","0","14","5716","60","0","8","5716","2056","null","Plasmodium cynomolgi","1120755"
"Toxoplasma gondii GAB2-2007-GAL-DOM2","ToxoDB","GenBank","GCA_000325525.2","2014-08-13","no","0","0","9136","160","0","null","9136","5433","1503","Toxoplasma gondii","1130820"
"Toxoplasma gondii TgCatPRC2","ToxoDB","GenBank","GCA_000256725.2","2016-03-23","no","0","0","10121","179","0","null","10121","5945","527","Toxoplasma gondii","1130821"
"Babesia microti strain RI","PiroplasmaDB","GenBank","GCA_000691945.2","2017-07-12","yes","0","4","3601","84","0","3","3601","2365","721","Babesia microti","1133968"
"Aspergillus luchuensis CBS 106.47","FungiDB","GenBank","Dec 12, 2016","Dec 12, 2016","yes","0","0","13502","282","7","null","13502","6438","688","Aspergillus luchuensis","1137211"
"Anncaliia algerae Undeen","MicrosporidiaDB","GenBank","Jun 1, 2012","n/a","no","8427","0","0","0","0","null","null","null","null","Anncaliia algerae","1150868"
"Saprolegnia diclina VS20","FungiDB","GenBank","Mar 19, 2015","Mar 19, 2015","yes","0","0","17359","89","16","2","17359","8115","643","Saprolegnia diclina","1156394"
"Aspergillus glaucus CBS 516.65","FungiDB","GenBank","Dec 12, 2016","Dec 12, 2016","yes","0","0","11254","175","3","1","11254","5553","601","Aspergillus glaucus","1160497"
"Chromera velia CCMP2878","CryptoDB","PainLab","May 15, 2014","May 15, 2014","yes","0","0","30604","202","259","17","30376","9058","null","Chromera velia","1169474"
"Vitrella brassicaformis CCMP3155","CryptoDB","PainLab","May 15, 2014","May 15, 2014","yes","0","0","23412","91","166","8","23247","7824","537","Vitrella brassicaformis","1169540"
"Encephalitozoon romaleae SJ-2008","MicrosporidiaDB","GenBank","Oct 1, 2014","Oct 1, 2014","yes","0","13","1832","51","1","null","1831","1006","115","Encephalitozoon romaleae","1178016"
"Toxoplasma gondii CtCo5","ToxoDB","GenBank","GCA_000278365.1","2012-07-17","no","6177","0","0","0","0","null","null","null","null","Toxoplasma gondii","1194599"
"Leishmania aethiopica L147","TriTrypDB","GeneDB","Dec 16, 2014","Dec 16, 2014","yes","0","36","8722","104","0","13","8722","3761","43","Leishmania aethiopica","1206056"
"Leishmania tropica L590","TriTrypDB","GeneDB","Dec 16, 2014","Dec 16, 2014","yes","0","36","8824","114","0","12","8824","3791","40","Leishmania tropica","1206058"
"Trypanosoma cruzi Tula cl2","TriTrypDB","GenBank","Jun 26, 2013","n/a","no","43931","0","0","0","0","null","null","null","null","Trypanosoma cruzi","1206070"
"Toxoplasma gondii RH-88","ToxoDB","INSDC","GCA_013099955.1","May 15, 2020","no","0","13","8316","338","0","null","8316","3600","459","Toxoplasma gondii","1208370"
"Pneumocystis jirovecii SE8","FungiDB","GenBank","Dec 13, 2012","Dec 13, 2012","yes","0","0","3535","217","0","null","3535","2146","273","Pneumocystis jirovecii","1209962"
"Cyphellophora europaea CBS 101466","FungiDB","GenBank","Mar 21, 2015","Mar 21, 2015","yes","0","0","11094","59","1","null","11094","5888","622","Cyphellophora europaea","1220924"
"Mucor circinelloides f. circinelloides 1006PhL","FungiDB","GenBank","Mar 22, 2015","Mar 22, 2015","no","0","0","12227","183","2","null","12227","6555","763","Mucor circinelloides","1220926"
"Pythium aphanidermatum DAOM BR444","FungiDB","Ensembl","Mar 02, 2016","Mar 02, 2016","yes","0","0","12305","58","0","null","12305","5978","null","Pythium aphanidermatum","1223555"
"Pythium arrhenomanes ATCC 12531","FungiDB","Ensembl","Mar 02, 2016","Mar 02, 2016","yes","0","0","13805","52","0","null","13805","6421","null","Pythium arrhenomanes","1223556"
"Pythium irregulare DAOM BR486","FungiDB","Ensembl","Mar 02, 2016","Mar 02, 2016","yes","0","0","13804","65","0","null","13804","6587","null","Pythium irregulare","1223557"
"Pythium iwayamai DAOM BR242034","FungiDB","MSU","2014-08-11","2014-08-11","yes","0","0","14874","66","9","1","14874","6475","null","Pythium iwayamai","1223558"
"Pythium ultimum var. sporangiiferum BR650","FungiDB","MSU","2014-08-11","2014-08-11","no","0","0","14086","5","2","null","14086","5709","null","Pythium ultimum","1223559"
"Pythium vexans DAOM BR484","FungiDB","MSU","2014-08-11","2014-08-11","yes","0","0","11957","34","0","null","11957","6064","null","Phytopythium vexans","1223560"
"Fusarium proliferatum ET1","FungiDB","GenBank","Dec 6, 2016","Dec 6, 2016","yes","32","0","16143","366","0","null","16143","7884","753","Fusarium proliferatum","1227346"
"Fusarium oxysporum f. sp. cubense race 1","FungiDB","GenBank","Mar 21, 2015","Mar 21, 2015","no","0","0","15626","290","197","null","15438","8773","688","Fusarium oxysporum","1229664"
"Fusarium oxysporum f. sp. cubense race 4","FungiDB","GenBank","Mar 21, 2015","Mar 21, 2015","no","0","0","14596","366","145","null","14459","8160","640","Fusarium oxysporum","1229665"
"Plasmodium inui San Antonio 1","PlasmoDB","GenBank","Jan 31, 2014","Jan 31, 2014","yes","0","0","5832","47","0","6","5832","2137","null","Plasmodium inui","1237626"
"Anncaliia algerae PRA109","MicrosporidiaDB","GenBank","May 6, 2014","May 6, 2014","yes","0","0","5245","85","0","null","5245","1391","null","Anncaliia algerae","1240240"
"Acanthamoeba castellanii str. Neff","AmoebaDB","GenBank","GCA_000313135.1","2015-03-19","yes","0","0","14973","682","0","7","14973","9466","1371","Acanthamoeba castellanii","1257118"
"Plasmodium vivax Sal-1","PlasmoDB","GeneDB","Jun 18, 2015","Jun 18, 2015","no","2733","14","5586","79","56","248","5530","3148","793","Plasmodium vivax","126793"
"Plasmodium cynomolgi strain M","PlasmoDB","Sanger","Oct 23, 2017","Oct 23, 2017","yes","40","14","6665","166","597","6","6068","2213","null","Plasmodium cynomolgi","1274352"
"Fusarium fujikuroi IMI 58289","FungiDB","GenBank","Jan 12, 2016","Jan 12, 2016","yes","0","12","14813","286","0","6","14813","7351","765","Fusarium fujikuroi","1279085"
"Anncaliia algerae PRA339","MicrosporidiaDB","GenBank","May 6, 2014","May 6, 2014","no","0","0","3598","63","0","null","3598","1042","106","Anncaliia algerae","1288291"
"Leishmania panamensis MHOM/COL/81/L13","TriTrypDB","GeneDB","Dec 16, 2014","Dec 16, 2014","yes","0","36","8665","113","0","12","8665","3681","50","Leishmania panamensis","1295824"
"Leishmania braziliensis MHOM/BR/75/M2903","TriTrypDB","BeverleyLab","Dec 16, 2014","Dec 16, 2014","no","0","36","9269","110","0","16","9269","3775","56","Leishmania braziliensis","1295825"
"Kwoniella bestiolae CBS 10118","FungiDB","GenBank","Jul 20, 2016","Jul 20, 2016","yes","0","0","9133","137","7","null","9133","4261","468","Kwoniella bestiolae","1296100"
"Cryptococcus gattii EJB2","FungiDB","GenBank","Feb 17, 2015","Feb 17, 2015","no","0","0","6763","145","2","null","6763","3589","450","Cryptococcus gattii","1296103"
"Cryptococcus gattii VGIV IND107","FungiDB","GenBank","Feb 17, 2015","Feb 17, 2015","no","0","0","6696","147","3","1","6696","3510","198","Cryptococcus gattii VGIV","1296105"
"Cryptococcus gattii NT-10","FungiDB","GenBank","Mar 5, 2015","Mar 5, 2015","no","0","0","6744","243","2","null","6744","3583","null","Cryptococcus gattii","1296108"
"Cryptococcus gattii CA1873","FungiDB","GenBank","Feb 17, 2015","Feb 17, 2015","no","0","0","6634","148","4","1","6634","3495","null","Cryptococcus gattii VGIII","1296111"
"Kwoniella heveanensis CBS 569","FungiDB","GenBank","Jul 20, 2016","Jul 20, 2016","yes","0","0","7871","131","6","null","7871","3984","441","Kwoniella heveanensis","1296119"
"Kwoniella dejecticola CBS 10117","FungiDB","GenBank","Jun 22, 2016","Jun 22, 2016","yes","0","0","8602","122","4","null","8602","4202","451","Kwoniella dejecticola","1296121"
"Leishmania sp. MAR LEM2494","TriTrypDB","GeneDB","Dec 16, 2014","Dec 16, 2014","yes","0","36","8483","98","0","12","8483","3725","41","unclassified Leishmania","1303197"
"Aspergillus niger ATCC 13496","FungiDB","GenBank","Jul 31, 2018","Jul 31, 2018","no","0","0","12195","273","5","1","12194","6351","670","Aspergillus niger","1353008"
"Ordospora colligata OC4","MicrosporidiaDB","GenBank","Dec 17, 2014","Dec 17, 2014","yes","15","0","1820","59","0","null","1820","966","102","Ordospora colligata","1354746"
"Encephalitozoon cuniculi EcunIII-L","MicrosporidiaDB","GenBank","Jul 15, 2015","Jul 15, 2015","no","0","15","1845","51","11","null","1834","1006","null","Encephalitozoon cuniculi","1355160"
"Spraguea lophii 42_110","MicrosporidiaDB","GenBank","Sep 12, 2013","Sep 12, 2013","yes","1392","0","2543","53","44","null","2499","1139","106","Spraguea lophii","1358809"
"Plasmodium falciparum HB3","PlasmoDB","Sanger","Apr 20, 2018","Apr 20, 2018","no","12","14","5327","134","141","10","5186","2267","1050","Plasmodium falciparum","137071"
"Aspergillus campestris IBT 28561","FungiDB","GenBank","Dec. 27, 2017","Dec. 27, 2017","yes","62","0","9764","165","10","null","9756","5150","591","Aspergillus campestris","1392248"
"Aspergillus steynii IBT 23096","FungiDB","GenBank","Dec. 30, 2017","Dec. 30, 2017","yes","37","0","13209","221","17","null","13195","6749","675","Aspergillus steynii","1392250"
"Aspergillus novofumigatus IBT 16806","FungiDB","GenBank","Dec. 27, 2017","Dec. 27, 2017","yes","62","0","11547","182","15","1","11532","5839","635","Aspergillus novofumigatus","1392255"
"Aspergillus ochraceoroseus IBT 24754","FungiDB","GenBank","Apr 16, 2018","Apr 16, 2018","yes","34","0","8924","146","7","null","8917","4586","548","Aspergillus ochraceoroseus","1392256"
"Sporothrix schenckii 1099-18","FungiDB","GenBank","Mar 24, 2015","Mar 24, 2015","yes","15","0","10293","141","0","null","10293","4835","531","Sporothrix schenckii","1397361"
"Sporothrix brasiliensis 5110","FungiDB","GenBank","Jan 16, 2015","Jan 16, 2015","yes","12","0","9091","140","0","null","9091","4669","508","Sporothrix brasiliensis","1398154"
"Trypanosoma cruzi Dm28c 2014","TriTrypDB","GenBank","Nov 13, 2013","Nov 13, 2013","no","1210","0","11348","50","0","17","11348","3145","null","Trypanosoma cruzi","1416333"
"Fonsecaea pedrosoi CBS 271.37","FungiDB","GenBank","Feb 23, 2015","Feb 23, 2015","yes","0","0","12527","46","5","null","12527","6586","588","Fonsecaea pedrosoi","1442368"
"Theileria equi strain WA","PiroplasmaDB","GenBank","GCA_000342415.1","2014-08-21","yes","0","2","5329","68","0","null","5329","2772","829","Theileria equi","1537102"
"Cryptosporidium sp. chipmunk LX-2015","CryptoDB","GenBank","Feb 3, 2015","n/a","yes","853","0","0","0","0","null","null","null","null","Cryptosporidium sp.","1603071"
"Anopheles gambiae str. PEST","VectorBase","INSDC","GCA_000005575.2","AgamP4.13","yes","0","7","13094","738","9","null","13094","10420","1151","Anopheles gambiae","180454"
"Giardia Assemblage A isolate WB","GiardiaDB","GenBank","Mar 10, 2010","Mar 10, 2010","yes","133","5","9667","80","2","439","5901","2315","369","Giardia Assemblage A","184922"
"Trypanosoma brucei brucei TREU927","TriTrypDB","GeneDB","Jul 10, 2018","Jul 10, 2018","yes","115","16","11074","629","1476","4051","9598","7787","1100","Trypanosoma brucei","185431"
"Amphiamblys sp. WSBS2006","MicrosporidiaDB","GenBank","Nov 10, 2016","Nov 10, 2016","yes","1727","0","3647","48","5","null","3642","1252","null","unclassified Amphiamblys","1866961"
"Cryptococcus neoformans var. neoformans JEC21","FungiDB","GenBank","Jun 16, 2016","Jun 16, 2016","yes","0","14","6870","134","231","25","6639","4169","535","Cryptococcus neoformans","214684"
"Coccidioides posadasii C735 delta SOWgp","FungiDB","GenBank","Jun 17, 2009","Jun 17, 2009","no","0","0","7229","26","0","null","7229","4100","1114","Coccidioides posadasii","222929"
"Aspergillus nidulans FGSC A4","FungiDB","AspGD","Oct 04, 2015","Oct 04, 2015","yes","0","8","10776","212","64","164","10712","10687","473","Aspergillus nidulans","227321"
"Fusarium graminearum PH-1","FungiDB","HammondKosackLab","Jan 25, 2017","Jan 25, 2017","yes","0","4","14145","332","14","1184","14145","7179","null","Fusarium graminearum","229533"
"Cryptococcus neoformans var. grubii H99","FungiDB","GenBank","Apr 01, 2015","Apr 01, 2015","no","0","14","6975","1363","4","152","6975","3935","2","Cryptococcus neoformans","235443"
"Candida albicans SC5314","FungiDB","CGD","A22-s07-m01-r59","A22-s07-m01-r59","yes","0","8","6221","247","9","12","6211","6066","11","Candida albicans","237561"
"Ustilago maydis 521","FungiDB","MIPS","2013-04-19","2","yes","0","23","6765","145","0","16","6765","4590","495","Ustilago maydis","237631"
"Coprinopsis cinerea okayama7#130","FungiDB","Broad","3","3","yes","0","0","13356","301","11","4","13356","5328","597","Coprinopsis cinerea","240176"
"Magnaporthe oryzae 70-15","FungiDB","GenBank","Mar 31, 2016","Mar 31, 2016","yes","0","7","12825","359","131","186","12825","5710","684","Magnaporthe oryzae","242507"
"Rhizopus delemar RA 99-880","FungiDB","GenBank","Mar 23, 2015","Mar 23, 2015","yes","0","0","17459","244","1","4","17459","7482","703","Rhizopus delemar","246409"
"Coccidioides immitis RS","FungiDB","Broad","3","3","yes","0","0","9757","148","4","3","9757","4258","565","Coccidioides immitis","246410"
"Phanerochaete chrysosporium RP-78","FungiDB","JGI","2.2","2.2","yes","0","0","13602","215","2","1","13602","5451","null","Phanerochaete chrysosporium","273507"
"Cryptococcus neoformans var. neoformans B-3501A","FungiDB","GenBank","Mar 21, 2015","Mar 21, 2015","no","0","14","6500","108","0","10","6500","3724","523","Cryptococcus neoformans","283643"
"Yarrowia lipolytica CLIB122","FungiDB","GenBank","Feb 27, 2015","Feb 27, 2015","yes","0","6","6584","1149","136","null","6448","3797","387","Yarrowia lipolytica","284591"
"Candida glabrata CBS 138","FungiDB","CGD","s02-m07-r27","s02-m07-r27","yes","0","13","5311","304","18","6","5293","5297","622","Candida glabrata","284593"
"Schizosaccharomyces pombe 972h-","FungiDB","PomBase","Apr 12, 2016","Apr 12, 2016","yes","0","3","5166","1829","28","2","5138","5088","1518","Schizosaccharomyces pombe","284812"
"Encephalitozoon cuniculi GB-M1","MicrosporidiaDB","GenBank","Feb 27, 2015","Feb 27, 2015","yes","0","11","2093","33","0","1","2093","1035","211","Encephalitozoon cuniculi","284813"
"Entamoeba histolytica HM-1:IMSS","AmoebaDB","GenBank","GCA_000208925.2","2009-11-27","yes","0","0","8201","132","3","675","8201","4672","693","Entamoeba histolytica","294381"
"Candida tropicalis MYA-3404","FungiDB","GenBank","Mar 12, 2015","Mar 12, 2015","yes","0","0","6254","187","1","null","6254","4376","493","Candida tropicalis","294747"
"Candida albicans WO-1","FungiDB","CGD","Dec 11, 2013","Dec 11, 2013","no","0","0","6160","125","0","null","6160","4290","500","Candida albicans","294748"
"Cryptococcus deuterogattii R265","FungiDB","GenBank","Aug 05, 2015","Aug 05, 2015","yes","0","0","6472","165","5","6","6472","3443","419","Cryptococcus deuterogattii","294750"
"Clavispora lusitaniae ATCC 42720","FungiDB","GenBank","Mar 23, 2015","Mar 23, 2015","yes","0","0","5936","217","5","1","5936","3997","467","Clavispora lusitaniae","306902"
"Plasmodium chabaudi chabaudi","PlasmoDB","GeneDB","Jun 18, 2015","Jun 18, 2015","yes","0","14","5217","147","18","67","5199","2765","661","Plasmodium chabaudi","31271"
"Aspergillus fumigatus Af293","FungiDB","AspGD","Sep 27, 2015","Sep 27, 2015","yes","0","8","9841","289","1","135","9840","9820","70","Aspergillus fumigatus","330879"
"Aspergillus fischeri NRRL 181","FungiDB","GenBank","Apr 18, 2008","Apr 18, 2008","yes","0","0","10421","257","26","1","10395","6879","778","Aspergillus fischeri","331117"
"Botrytis cinerea B05.10","FungiDB","Ensembl","Dec. 7, 2017","Dec. 7, 2017","yes","0","18","11711","362","4","1","11707","5618","null","Botrytis cinerea","332648"
"Aspergillus flavus NRRL3357","FungiDB","GenBank","Jun 02, 2015","Jun 02, 2015","yes","0","0","13502","29","0","15","13502","8236","815","Aspergillus flavus","332952"
"Theileria parva strain Muguga","PiroplasmaDB","GenBank","GCA_000165365.1","2010-03-10","yes","6","2","4082","85","0","25","4082","2022","432","Theileria parva","333668"
"Fusarium verticillioides 7600","FungiDB","GenBank","Mar 11, 2015","Mar 11, 2015","yes","0","11","15869","371","4","7","15869","7368","751","Fusarium verticillioides","334819"
"Zymoseptoria tritici IPO323","FungiDB","JGI","Mar 07, 2012","Jul 01, 2015","yes","0","21","11839","130","31","1","11826","5290","null","Zymoseptoria tritici","336722"
"Uncinocarpus reesii 1704","FungiDB","GenBank","Aug 06, 2014","Aug 06, 2014","yes","0","0","7760","96","0","null","7760","3932","463","Uncinocarpus reesii","336963"
"Histoplasma capsulatum NAm1","FungiDB","GenBank","Mar 23, 2015","Mar 23, 2015","yes","0","0","9313","89","12","1","9313","4183","442","Histoplasma capsulatum","339724"
"Aspergillus terreus NIH2624","FungiDB","GenBank","Mar 23, 2015","Mar 23, 2015","yes","0","0","10401","150","3","2","10401","5833","733","Aspergillus terreus","341663"
"Aspergillus clavatus NRRL 1","FungiDB","GenBank","Jan 02, 2013","Jan 02, 2013","yes","0","0","9165","263","24","2","9141","6103","710","Aspergillus clavatus","344612"
"Leishmania major strain Friedlin","TriTrypDB","GeneDB","May 28, 2016","May 28, 2016","yes","0","36","8402","976","95","766","8307","5533","1081","Leishmania major","347515"
"Plasmodium yoelii yoelii 17XNL","PlasmoDB","GenBank","Sep 1, 2005","Sep 1, 2005","no","5617","0","7724","50","0","475","7724","2018","159","Plasmodium yoelii","352914"
"Cryptosporidium hominis TU502","CryptoDB","GenBank","Oct 17, 2004","Oct 17, 2004","yes","1422","0","3886","70","0","47","3886","1539","null","Cryptosporidium hominis","353151"
"Cryptosporidium parvum Iowa II","CryptoDB","GenBank","Feb 26, 2007","Feb 27, 2018","yes","0","8","3941","79","0","218","3941","1772","331","Cryptosporidium parvum","353152"
"Trypanosoma cruzi strain CL Brener","TriTrypDB","GeneDB","Dec 07, 2015","Dec 07, 2015","no","29407","0","2135","1262","891","476","1244","563","9","Trypanosoma cruzi","353153"
"Theileria annulata strain Ankara","PiroplasmaDB","GenBank","GCA_000003225.1","2015-02-27","yes","0","4","3795","1","0","27","3795","1822","519","Theileria annulata","353154"
"Plasmodium falciparum 3D7","PlasmoDB","GeneDB","Jun 18, 2015","Jun 18, 2015","yes","0","14","5460","252","155","1399","5305","4606","1200","Plasmodium falciparum","36329"
"Trypanosoma cruzi strain Esmeraldo","TriTrypDB","GenBank","Jan 2, 2013","n/a","no","15007","0","0","0","0","null","null","null","null","Trypanosoma cruzi","366581"
"Neurospora crassa OR74A","FungiDB","GenBank","Mar 23, 2015","Mar 23, 2015","yes","0","7","9760","831","18","889","9758","5877","751","Neurospora crassa","367110"
"Cryptococcus gattii WM276","FungiDB","GenBank","Oct 01, 2014","Oct 01, 2014","yes","0","14","6580","144","17","6","6565","3587","202","Cryptococcus gattii","367775"
"Entamoeba dispar SAW760","AmoebaDB","GenBank","GCA_000209125.2","2009-11-27","yes","0","0","8744","4","0","27","8744","5277","2072","Entamoeba dispar","370354"
"Entamoeba invadens IP1","AmoebaDB","GenBank","GCA_000330505.1 ","2015-03-19","yes","0","0","11997","10","0","17","11997","6188","1486","Entamoeba invadens","370355"
"Aspergillus niger ATCC 1015","FungiDB","GenBank","Oct 12, 2011","4","no","0","0","11910","276","11","3","11904","6378","17","Aspergillus niger","380704"
"Coccidioides immitis H538.4","FungiDB","Broad","1","1","no","50","0","10608","116","72","2","10538","4004","418","Coccidioides immitis","396776"
"Schizosaccharomyces japonicus yFS275","FungiDB","GenBank","Mar 23, 2015","Mar 23, 2015","yes","0","0","4886","346","9","null","4886","3161","450","Schizosaccharomyces japonicus","402676"
"Batrachochytrium dendrobatidis JEL423","FungiDB","Broad","1","1","yes","0","0","8794","103","0","7","8794","4029","null","Batrachochytrium dendrobatidis","403673"
"Phytophthora infestans T30-4","FungiDB","GenBank","Mar 12, 2015","Mar 12, 2015","yes","0","0","18178","1166","619","7","17797","7425","622","Phytophthora infestans","403677"
"Coccidioides immitis RMSCC 2394","FungiDB","GenBank","2015-07-13","2015-07-13","no","0","0","0","0","0","null","null","null","null","Coccidioides immitis","404692"
"Trichomonas vaginalis G3","TrichDB","JCarltonLab","Sep 12, 2014","Sep 12, 2014","yes","0","0","97475","1136","3220","128","94255","16758","1044","Trichomonas vaginalis","412133"
"Trichoderma virens Gv29-8","FungiDB","GenBank","Nov 29, 2011","Nov 29, 2011","yes","93","0","12405","205","2","null","12405","6302","641","Trichoderma virens","413071"
"Eimeria tenella strain Houghton","ToxoDB","GenBank","GCA_000499545.1","2013-11-05","yes","0","0","8597","37","0","90","8597","2981","432","Eimeria tenella","413949"
"Puccinia graminis f. sp. tritici CRL 75-36-700-3","FungiDB","GenBank","Mar 11, 2015","Mar 11, 2015","yes","0","0","15800","509","73","null","15800","4443","532","Puccinia graminis","418459"
"Leishmania braziliensis MHOM/BR/75/M2904","TriTrypDB","GeneDB","May 28, 2016","May 28, 2016","yes","103","36","8354","139","178","69","8176","5382","1047","Leishmania braziliensis","420245"
"Aspergillus niger CBS 513.88","FungiDB","AspGD","Sep 14, 2015","Sep 14, 2015","yes","0","19","14069","334","15","11","14058","14023","2973","Aspergillus niger","425011"
"Malassezia globosa CBS 7966","FungiDB","GenBank","Nov 02, 2007","Nov 02, 2007","yes","0","0","4286","83","0","1","4286","2655","338","Malassezia globosa","425265"
"Fusarium oxysporum f. sp. lycopersici 4287","FungiDB","GenBank","Aug 20, 2015","Aug 20, 2015","yes","0","15","20925","429","9","20","20925","8910","494","Fusarium oxysporum","426428"
"Trypanosoma rangeli SC58","TriTrypDB","GenBank","Oct 30, 2013","Oct 30, 2013","yes","7433","0","7475","4","0","9","7475","3159","null","Trypanosoma rangeli","429131"
"Trichoderma reesei QM6a","FungiDB","GenBank","Mar 14, 2015","Dec 13, 2012","yes","0","0","9120","196","7","9","9113","4923","562","Trichoderma reesei","431241"
"Pythium ultimum DAOM BR144","FungiDB","Ensembl","Mar 02, 2016","Mar 02, 2016","yes","0","0","15290","140","0","null","15290","6993","null","Pythium ultimum","431595"
"Toxoplasma gondii VEG","ToxoDB","GenBank","GCA_000150015.2 ","2013-11-19","no","0","14","8410","153","0","165","8410","5046","1341","Toxoplasma gondii","432359"
"Leishmania infantum JPCM5","TriTrypDB","RequenaLab","Jul 13, 2018","Jul 13, 2018","yes","0","36","8591","157","64","135","8527","4664","1159","Leishmania infantum","435258"
"Cryptosporidium muris RN66","CryptoDB","GenBank","Mar 11, 2015","Mar 11, 2015","yes","0","0","3938","43","4","61","3934","2084","638","Cryptosporidium muris","441375"
"Talaromyces stipitatus ATCC 10500","FungiDB","GenBank","Mar 11, 2015","Mar 11, 2015","yes","0","0","12496","133","13","2","12483","6649","1156","Talaromyces stipitatus","441959"
"Talaromyces marneffei ATCC 18224","FungiDB","GenBank","Mar 11, 2015","Mar 11, 2015","yes","0","0","10053","141","4","1","10049","5688","602","Talaromyces marneffei","441960"
"Coccidioides posadasii str. Silveira","FungiDB","GenBank","2015-03-13","2015-03-13","yes","0","0","10225","154","2","2","10225","4192","524","Coccidioides posadasii","443226"
"Histoplasma capsulatum G186AR","FungiDB","GenBank","Mar 11, 2015","Mar 11, 2015","no","0","0","9254","110","1","8","9254","4119","494","Histoplasma capsulatum","447093"
"Histoplasma capsulatum G217B","FungiDB","UCSF","Sep 21, 2005","Sep 21, 2005","no","261","0","11221","113","32","5","11221","4080","null","Histoplasma capsulatum","447094"
"Aspergillus fumigatus A1163","FungiDB","AspGD","Dec 16, 2013","Dec 16, 2013","no","0","0","9926","180","19","35","9907","6450","706","Aspergillus fumigatus","451804"
"Coccidioides posadasii RMSCC 3488","FungiDB","GenBank","Jun 29, 2015","Jun 29, 2015","no","0","0","9897","119","1","null","9897","4164","504","Coccidioides posadasii","454284"
"Coccidioides immitis RMSCC 3703","FungiDB","GenBank","2015-07-13","2015-07-13","no","0","0","0","0","0","null","null","null","null","Coccidioides immitis","454286"
"Coccidioides posadasii RMSCC 2133","FungiDB","GenBank","2015-07-13","2015-07-13","no","0","0","0","0","0","null","null","null","null","Coccidioides posadasii","469470"
"Coccidioides posadasii RMSCC 3700","FungiDB","GenBank","2015-07-13","2015-07-13","no","0","0","0","0","0","null","null","null","null","Coccidioides posadasii","469471"
"Coccidioides posadasii CPA 0001","FungiDB","GenBank","2015-07-13","2015-07-13","no","0","0","0","0","0","null","null","null","null","Coccidioides posadasii","469472"
"Enterocytozoon bieneusi H348","MicrosporidiaDB","GenBank","Jan 13, 2009","Jan 13, 2009","yes","1730","0","3633","173","3","null","3632","1306","423","Enterocytozoon bieneusi","481877"
"Paracoccidioides brasiliensis Pb03","FungiDB","GenBank","Nov 13, 2014","Nov 13, 2014","yes","0","0","8427","121","1","null","8427","3912","498","Paracoccidioides brasiliensis","482561"
"Schizosaccharomyces octosporus yFS286","FungiDB","GenBank","Mar 23, 2015","Mar 23, 2015","yes","0","0","4994","361","0","null","4994","3210","454","Schizosaccharomyces octosporus","483514"
"Babesia bovis T2Bo","PiroplasmaDB","GenBank","GCA_000165395.1","2010-03-10","yes","10","2","3706","75","0","63","3706","1868","461","Babesia bovis","484906"
"Coccidioides posadasii RMSCC 1037","FungiDB","GenBank","2015-07-13","2015-07-13","no","0","0","0","0","0","null","null","null","null","Coccidioides posadasii","490065"
"Coccidioides posadasii RMSCC 1038","FungiDB","GenBank","2015-07-13","2015-07-13","no","0","0","0","0","0","null","null","null","null","Coccidioides posadasii","490066"
"Coccidioides posadasii CPA 0020","FungiDB","GenBank","2015-07-13","2015-07-13","no","0","0","0","0","0","null","null","null","null","Coccidioides posadasii","490068"
"Coccidioides posadasii CPA 0066","FungiDB","GenBank","2015-07-13","2015-07-13","no","0","0","0","0","0","null","null","null","null","Coccidioides posadasii","490069"
"Penicillium rubens Wisconsin 54-1255","FungiDB","Ensembl","Feb 01, 2015","Feb 01, 2015","yes","0","0","13682","339","1125","null","12557","6318","677","Penicillium rubens","500485"
"Paracoccidioides lutzii Pb01","FungiDB","GenBank","Nov 03, 2014","Nov 03, 2014","yes","0","0","8826","127","3","3","8826","3971","493","Paracoccidioides lutzii","502779"
"Paracoccidioides brasiliensis Pb18","FungiDB","GenBank","Oct 24, 2014","Oct 24, 2014","no","0","0","8390","132","1","null","8390","3923","499","Paracoccidioides brasiliensis","502780"
"Toxoplasma gondii GT1","ToxoDB","GenBank","GCA_000149715.2","2013-07-19","no","2034","14","8460","177","0","416","8460","4903","1332","Toxoplasma gondii","507601"
"Toxoplasma gondii ME49","ToxoDB","GenBank","GCF_000006565.2","2015-08-11","yes","0","14","8322","598","0","1390","8322","4863","1319","Toxoplasma gondii","508771"
"Aspergillus oryzae RIB40","FungiDB","AspGD","Oct 04, 2015","Oct 04, 2015","yes","3","8","12090","274","3","12","12090","12059","844","Aspergillus oryzae","510516"
"Neurospora tetrasperma FGSC 2508","FungiDB","GenBank","Mar 13, 2015","Mar 13, 2015","yes","0","0","10380","397","3","null","10380","4356","539","Neurospora tetrasperma","510951"
"Neurospora discreta FGSC 8579","FungiDB","JGI","1","1","yes","0","0","9948","397","4","null","9948","4246","null","Neurospora discreta","510953"
"Histoplasma capsulatum H88","FungiDB","GenBank","Jul 26, 2016","Jul 26, 2016","no","0","0","9445","221","116","1","9445","4071","475","Histoplasma capsulatum","544711"
"Histoplasma capsulatum H143","FungiDB","GenBank","Jul 24, 2016","Jul 24, 2016","no","0","0","9547","249","149","null","9547","3931","229","Histoplasma capsulatum","544712"
"Saccharomyces cerevisiae S288c","FungiDB","SGD","Jul 12, 2013","Jul 12, 2013","yes","0","16","5925","425","18","6","5907","5915","1748","Saccharomyces cerevisiae","559292"
"Hyaloperonospora arabidopsidis Emoy2","FungiDB","Ensembl","Mar 02, 2016","Mar 02, 2016","yes","0","0","13982","285","28","null","13982","4525","null","Hyaloperonospora arabidopsidis","559515"
"Neospora caninum Liverpool","ToxoDB","GenBank","GCA_000208865.2","2015-02-27","yes","52","14","7112","154","0","152","7112","4441","623","Neospora caninum","572307"
"Plasmodium falciparum 7G8","PlasmoDB","Sanger","Apr 20, 2018","Apr 20, 2018","no","1","14","5344","161","161","9","5183","2277","1055","Plasmodium falciparum","57266"
"Plasmodium falciparum Dd2","PlasmoDB","Sanger","Apr 20, 2018","Apr 20, 2018","no","0","14","5327","134","118","11","5209","2275","1055","Plasmodium falciparum","57267"
"Candida parapsilosis CDC317","FungiDB","CGD","s01-m03-r30","s01-m03-r30","yes","0","8","5863","121","26","null","5837","5846","498","Candida parapsilosis","578454"
"Tremella mesenterica DSM 1558","FungiDB","GenBank","Mar 18, 2015","Mar 18, 2015","yes","0","0","8309","46","8","null","8308","3635","null","Tremella mesenterica","578456"
"Nosema ceranae BRL01","MicrosporidiaDB","GenBank","Jun 9, 2009","Jun 9, 2009","yes","5465","0","2614","64","554","null","2060","957","110","Nosema ceranae","578460"
"Nosema bombycis CQ1","MicrosporidiaDB","GenBank","Mar 21, 2015","Mar 21, 2015","yes","0","0","4468","175","12","null","4468","1490","131","Nosema bombycis","578461"
"Allomyces macrogynus ATCC 38327","FungiDB","GenBank","Jul 31, 2015","Jul 31, 2015","yes","0","0","18798","535","16","null","18798","8904","935","Allomyces macrogynus","578462"
"Plasmodium berghei ANKA","PlasmoDB","GeneDB","Jan 09, 2017","Jan 09, 2017","yes","5","14","5067","178","124","167","4943","2848","658","Plasmodium berghei","5823"
"Plasmodium knowlesi strain H","PlasmoDB","GeneDB","Jun 18, 2015","Jun 18, 2015","yes","0","14","5323","160","8","197","5315","2884","718","Plasmodium knowlesi","5851"
"Giardia Assemblage B isolate GS","GiardiaDB","GenBank","Jul 13, 2009","Jul 13, 2009","no","2931","0","4470","92","0","31","4470","1956","null","Giardia Assemblage B","598745"
"Aspergillus carbonarius ITEM 5010","FungiDB","GenBank","Feb 15, 2017","Feb 15, 2017","yes","0","0","11475","260","4","null","11475","6189","700","Aspergillus carbonarius","602072"
"Puccinia triticina 1-1 BBBD Race 1","FungiDB","GenBank","Jun 06, 2016","Jun 06, 2016","yes","14818","0","14878","814","131","null","14878","4594","520","Puccinia triticina","630390"
"Spizellomyces punctatus DAOM BR117","FungiDB","GenBank","Jul 29, 2015","Jul 29, 2015","yes","0","0","8950","219","5","1","8950","4875","520","Spizellomyces punctatus","645134"
"Hamiltosporidium tvaerminnensis OER-3-3","MicrosporidiaDB","GenBank","Apr 28, 2012","Apr 28, 2012","yes","41786","0","0","0","0","null","null","null","null","Hamiltosporidium tvaerminnensis","657448"
"Giardia Assemblage E isolate P15","GiardiaDB","GenBank","Oct 05, 2010","Oct 05, 2010","no","820","0","5067","92","60","6","5007","2138","null","Giardia Assemblage E","658858"
"Fusarium oxysporum Fo47","FungiDB","GenBank","Aug 11, 2014","Aug 11, 2014","no","0","0","18191","365","10","8","18191","8373","792","Fusarium oxysporum","660027"
"Sclerotinia sclerotiorum 1980 UF-70","FungiDB","GenBank","Mar 23, 2015","Mar 23, 2015","yes","0","0","14491","224","4","2","14491","5165","575","Sclerotinia sclerotiorum","665079"
"Trypanosoma brucei gambiense DAL972","TriTrypDB","GeneDB","May 28, 2016","May 28, 2016","no","0","11","7988","94","131","35","7857","5976","789","Trypanosoma brucei","679716"
"Aspergillus aculeatus ATCC 16872","FungiDB","GenBank","Dec 08, 2016","Dec 08, 2016","yes","0","0","10843","322","1","null","10843","6095","670","Aspergillus aculeatus","690307"
"Saprolegnia parasitica CBS 223.65","FungiDB","GenBank","Mar 23, 2015","Mar 23, 2015","yes","0","0","20146","289","67","3","20121","8918","652","Saprolegnia parasitica","695850"
"Naegleria gruberi strain NEG-M","AmoebaDB","INSDC","GCA_000004985.1","Dec 23, 2009","yes","0","0","15709","911","0","null","15709","7555","994","Naegleria gruberi","744533"
"Rhizophagus irregularis DAOM 181602=DAOM 197198","FungiDB","GenBank","Jan 30, 2018","Jan 30, 2018","yes","1111","0","26143","102","3","null","26143","9716","581","Rhizophagus irregularis","747089"
"Melampsora larici-populina 98AG31","FungiDB","GenBank","Mar 13, 2015","Mar 13, 2015","yes","0","0","16380","235","15","null","16372","4348","53","Melampsora larici-populina","747676"
"Mucor circinelloides f. lusitanicus CBS 277.49","FungiDB","JGI","2","2","yes","0","0","11719","237","2","4","11719","6282","null","Mucor circinelloides","747725"
"Phytophthora parasitica INRA-310","FungiDB","GenBank","Mar 23, 2015","Mar 23, 2015","yes","0","0","23121","119","31","null","23121","7806","627","Phytophthora parasitica","761204"
"Phycomyces blakesleeanus NRRL 1555(-)","FungiDB","JGI","2","2","yes","0","0","16528","309","0","1","16528","6220","null","Phycomyces blakesleeanus","763407"
"Phytophthora capsici LT1534","FungiDB","JGI","11","11","yes","0","0","19805","556","9","1","19805","9916","null","Phytophthora capsici","763924"
"Aspergillus brasiliensis CBS 101740","FungiDB","GenBank","Dec 08, 2016","Dec 08, 2016","yes","0","0","12989","274","5","null","12989","6590","675","Aspergillus brasiliensis","767769"
"Aspergillus tubingensis CBS 134.48","FungiDB","GenBank","Dec 07, 2016","Dec 07, 2016","yes","0","0","12318","274","6","null","12318","6312","695","Aspergillus tubingensis","767770"
"Sordaria macrospora k-hell","FungiDB","Bochum","Aug 25, 2015","Aug 25, 2015","yes","0","0","10827","484","0","53","10827","4996","546","Sordaria macrospora","771870"
"Cenococcum geophilum 1.58","FungiDB","GenBank","Jul 26, 2016","Jul 26, 2016","yes","0","0","14707","38","7","1","14707","5953","null","Cenococcum geophilum","794803"
"Leishmania major strain LV39c5","TriTrypDB","GeneDB","Jan 16, 2015","Jan 16, 2015","no","0","36","8971","130","0","4","8971","3862","41","Leishmania major","860569"
"Leishmania major strain SD 75.1","TriTrypDB","GeneDB","Jan 16, 2015","Jan 16, 2015","no","0","36","8818","113","0","3","8818","3816","41","Leishmania major","860570"
"Theileria orientalis strain Shintoku","PiroplasmaDB","GenBank","GCA_000740895.1","2012-09-06","yes","0","4","4002","56","0","null","4002","2429","368","Theileria orientalis","869250"
"Encephalitozoon intestinalis ATCC 50506","MicrosporidiaDB","GenBank","Oct 1, 2014","Oct 1, 2014","yes","0","11","1939","72","0","1","1939","1026","120","Encephalitozoon intestinalis","876142"
"Nematocida parisii ERTm1","MicrosporidiaDB","GenBank","Mar 18, 2015","Mar 18, 2015","yes","0","0","2661","63","0","null","2661","920","105","Nematocida parisii","881290"
"Entamoeba histolytica KU27","AmoebaDB","GenBank","GCA_000338855.1","2015-03-19","no","0","0","7455","14","0","null","7455","4678","607","Entamoeba histolytica","885311"
"Entamoeba histolytica HM-3:IMSS","AmoebaDB","GenBank","GCA_000346345.1","2015-03-20","no","0","0","7358","4","0","null","7358","4398","556","Entamoeba histolytica","885315"
"Entamoeba histolytica HM-1:IMSS-A","AmoebaDB","GenBank","GCA_000365475.1","2015-03-21","no","0","0","6325","3","0","2","6325","3964","512","Entamoeba histolytica","885318"
"Entamoeba histolytica HM-1:IMSS-B","AmoebaDB","GenBank","GCA_000344925.1","2015-03-19","no","0","0","6301","0","0","null","6301","3936","519","Entamoeba histolytica","885319"
"Albugo laibachii Nc14","FungiDB","Ensembl","Mar 02, 2016","Mar 02, 2016","yes","0","0","14449","180","644","null","13805","5716","null","Albugo laibachii","890382"
"Encephalitozoon hellem ATCC 50504","MicrosporidiaDB","GenBank","Oct 01, 2014","Oct 01, 2014","yes","0","12","1928","78","0","1","1928","1027","121","Encephalitozoon hellem","907965"
"Fusarium oxysporum FOSC 3-a","FungiDB","GenBank","Mar 18, 2015","Mar 18, 2015","no","0","0","17280","362","7","null","17280","7976","null","Fusarium oxysporum","909455"
"Albugo candida 2VRR","FungiDB","Saskatchewan","2014-05-13","2014-05-13","yes","0","0","15824","72","4","null","15824","4486","null","Albugo candida","911350"
"Trypanosoma cruzi JR cl. 4","TriTrypDB","GenBank","Jan 11, 2013","n/a","no","14752","0","0","0","0","null","null","null","null","Trypanosoma cruzi","914063"
"Leishmania mexicana MHOM/GT/2001/U1103","TriTrypDB","GeneDB","May 28, 2016","May 28, 2016","yes","554","34","8246","431","102","254","8144","5400","673","Leishmania mexicana","929439"
"Toxoplasma gondii VAND","ToxoDB","GenBank","GCA_000224845.2","2014-08-15","no","0","0","9255","171","0","1","9255","5556","1542","Toxoplasma gondii","933077"
"Toxoplasma gondii RUB","ToxoDB","GenBank","GCA_000224805.2","2014-08-13","no","0","0","10027","186","0","null","10027","5930","1652","Toxoplasma gondii","935652"
"Nematocida parisii ERTm3","MicrosporidiaDB","GenBank","Mar 13, 2015","Mar 13, 2015","no","0","0","2726","62","0","null","2726","923","105","Nematocida parisii","935791"
"Toxoplasma gondii MAS","ToxoDB","GenBank","GCA_000224865.2","2014-08-15","no","0","0","10005","171","0","null","10005","5967","1663","Toxoplasma gondii","943118"
"Toxoplasma gondii p89","ToxoDB","GenBank","GCA_000224885.2","2014-08-13","no","0","0","9701","173","0","null","9701","5801","1630","Toxoplasma gondii","943119"
"Toxoplasma gondii TgCATBr9","ToxoDB","GenBank","GCA_000224825.2","2018-04-20","no","0","0","9834","173","0","null","9834","5850","1243","Toxoplasma gondii","943120"
"Toxoplasma gondii TgCATBr5","ToxoDB","GenBank","GCA_000259835.1","2011-08-26","no","6995","0","0","0","0","null","null","null","null","Toxoplasma gondii","943121"
"Toxoplasma gondii CAST","ToxoDB","GenBank","GCA_000256705.2","2018-12-04","no","0","0","9497","200","0","null","9497","5667","1541","Toxoplasma gondii","943122"
"Toxoplasma gondii FOU","ToxoDB","GenBank","GCA_000224905.2","2014-08-13","no","0","0","10117","180","0","null","10117","6009","1682","Toxoplasma gondii","943167"
"Vavraia culicis subsp. floridensis","MicrosporidiaDB","GenBank","Mar 13, 2015","Mar 13, 2015","yes","0","0","2773","102","0","null","2773","1068","105","Vavraia culicis","948595"
"Leishmania donovani BPK282A1","TriTrypDB","GeneDB","May 28, 2016","May 28, 2016","yes","0","36","8023","112","54","54","7969","5174","144","Leishmania donovani","981087"
"Encephalitozoon cuniculi EC1","MicrosporidiaDB","ubc","Sep 29, 2011","Sep 29, 2011","no","0","12","1847","51","0","1","1847","1005","null","Encephalitozoon cuniculi","986730"
"Encephalitozoon cuniculi EC2","MicrosporidiaDB","ubc","Sep 29, 2011","Sep 29, 2011","no","0","16","1851","51","0","1","1851","1003","null","Encephalitozoon cuniculi","989654"
"Encephalitozoon cuniculi EC3","MicrosporidiaDB","ubc","Sep 29, 2011","Sep 29, 2011","no","0","15","1847","51","2","1","1845","1004","null","Encephalitozoon cuniculi","989655"
"Vittaforma corneae ATCC 50505","MicrosporidiaDB","GenBank","Mar 17, 2015","Mar 17, 2015","yes","0","0","2239","101","0","null","2239","1039","88","Vittaforma corneae","993615"
"Sporisorium reilianum SRZ2","FungiDB","GenBank","Feb 27, 2015","Feb 27, 2015","yes","21","23","6673","118","0","1","6673","3729","1","Sporisorium reilianum","999809"
"Aedes aegypti LVP_AGWG","VectorBase","INSDC","GCA_002204515.1","AaegL5.3","yes","0","3","14718","5086","382","null","14718","11097","1499","Aedes aegypti","null"
"Aedes albopictus Foshan","VectorBase","INSDC","GCA_001444175.1","AaloF1.2","yes","0","0","17535","759","0","null","17535","12087","1178","Aedes albopictus","null"
"Anopheles albimanus STECLA","VectorBase","INSDC","GCA_000349125.2","AalbS2.7","yes","0","5","12179","322","0","null","12179","8254","1311","Anopheles albimanus","null"
"Anopheles arabiensis Dongola","VectorBase","INSDC","GCA_000349185.1","AaraD1.12","yes","0","0","13271","378","0","null","13271","9273","1431","Anopheles arabiensis","null"
"Aphanomyces astaci strain APO3","FungiDB","GenBank","Jan 14, 2014","Jan 14, 2014","yes","0","0","19119","465","218","3","19119","7688","597","Aphanomyces astaci","null"
"Acanthamoeba astronyxis Unknown","AmoebaDB","GenBank","GCA_000826245.1","2015-01-31","yes","15100","0","0","0","0","null","null","null","null","Acanthamoeba astronyxis","null"
"Anopheles atroparvus EBRO","VectorBase","INSDC","GCA_000473505.1","AatrE3.2","yes","0","5","13718","323","0","null","13717","9308","1342","Anopheles atroparvus","null"
"Acanthamoeba castellanii Ma","AmoebaDB","GenBank","GCA_000826485.1","2015-02-07","no","29072","0","0","0","0","null","null","null","null","Acanthamoeba castellanii","null"
"Anopheles christyi ACHKN1017","VectorBase","INSDC","GCA_000349165.1","AchrA1.8","yes","0","0","10872","337","0","null","10872","7672","1184","Anopheles christyi","null"
"Anopheles coluzzii Mali-NIH","VectorBase","INSDC","GCA_000150765.1","AcolM1.8","no","0","0","14465","331","0","null","14464","9416","828","Anopheles coluzzii","null"
"Anopheles coluzzii Ngousso","VectorBase","INSDC","GCA_004136515.2","AcolN1.1","yes","0","1","12773","469","0","null","12773","9326","851","Anopheles coluzzii","null"
"Acanthamoeba sp Galka","AmoebaDB","GenBank","GCA_000826505.1","2015-01-31","yes","28942","0","0","0","0","null","null","null","null","Acanthamoeba sp.","null"
"Acanthamoeba sp Incertae sedis","AmoebaDB","GenBank","GCA_000826365.1","2015-01-29","no","7134","0","0","0","0","null","null","null","null","Acanthamoeba sp.","null"
"Acanthamoeba sp T4b-type","AmoebaDB","GenBank","GCA_000826345.1","2015-01-31","no","29688","0","0","0","0","null","null","null","null","Acanthamoeba sp.","null"
"Anopheles culicifacies A-37","VectorBase","INSDC","GCA_000473375.1","AculA1.7","yes","0","0","14358","371","0","null","14358","9584","1415","Anopheles culicifacies","null"
"Acanthamoeba culbertsoni A1","AmoebaDB","GenBank","GCA_000826265.1","2015-01-31","yes","5845","0","0","0","0","null","null","null","null","Acanthamoeba culbertsoni","null"
"Anopheles darlingi Coari","VectorBase","INSDC","GCA_000211455.3","AdarC3.9","yes","0","0","10556","449","0","null","10556","8244","968","Anopheles darlingi","null"
"Anopheles dirus WRAIR2","VectorBase","INSDC","GCA_000349145.1","AdirW1.9","yes","0","0","12925","325","0","null","12924","8738","1325","Anopheles dirus","null"
"Anopheles epiroticus Epiroticus2","VectorBase","INSDC","GCA_000349105.1","AepiE1.8","yes","0","0","11956","366","0","null","11956","8633","1319","Anopheles epiroticus","null"
"Anopheles farauti FAR1","VectorBase","INSDC","GCA_000473445.2","AfarF2.7","yes","0","0","12932","361","0","null","12932","9061","1347","Anopheles farauti","null"
"Anopheles funestus FUMOZ","VectorBase","INSDC","GCA_003951495.1","AfunF3.2","yes","0","3","13094","1082","0","null","13094","9452","1490","Anopheles funestus","null"
"Anopheles gambiae Pimperena","VectorBase","INSDC","GCA_000150785.1","AgamS2","no","0","0","0","0","0","null","null","null","null","Anopheles gambiae","null"
"Aphanomyces invadans NJM9701","FungiDB","GenBank","Jan 15, 2014","Jan 15, 2014","yes","0","0","15248","168","25","3","15248","6888","61","Aphanomyces invadans","null"
"Acanthamoeba lenticulata PD2S","AmoebaDB","GenBank","GCA_000826285.1","2015-01-31","yes","21185","0","0","0","0","null","null","null","null","Acanthamoeba lenticulata","null"
"Acanthamoeba lugdunensis L3a","AmoebaDB","GenBank","GCA_000826425.1","2015-01-29","yes","28971","0","0","0","0","null","null","null","null","Acanthamoeba lugdunensis","null"
"Anopheles maculatus maculatus3","VectorBase","INSDC","GCA_000473185.1","AmacM1.6","yes","0","0","14858","177","0","null","14858","9327","1314","Anopheles maculatus","null"
"Acanthamoeba mauritaniensis 1652","AmoebaDB","GenBank","GCA_000826465.1","2015-01-31","yes","28966","0","0","0","0","null","null","null","null","Acanthamoeba mauritaniensis","null"
"Anopheles melas CM1001059_A","VectorBase","INSDC","GCA_000473525.2","AmelC2.7","yes","0","0","15367","410","0","null","15367","10033","1444","Anopheles melas","null"
"Anopheles merus MAF","VectorBase","INSDC","GCA_000473845.2","AmerM2.10","yes","0","0","13150","428","0","null","13149","8890","1318","Anopheles merus","null"
"Anopheles minimus MINIMUS1","VectorBase","INSDC","GCA_000349025.1","AminM1.9","yes","0","0","12820","328","0","null","12820","8654","1323","Anopheles minimus","null"
"Amauroascus mutatus isolate UAMH 3576","FungiDB","GenBank","Nov 03, 2015","n/a","yes","3075","0","0","0","0","null","null","null","null","Amauroascus mutatus","null"
"Aspergillus niger strain N402 (ATCC64974)","FungiDB","GenBank","Jan 26, 2018","Jan 26, 2018","no","19","0","11187","276","5","null","11187","6336","711","Aspergillus niger","null"
"Amauroascus niger isolate UAMH 3544","FungiDB","GenBank","Nov 03, 2015","n/a","yes","3481","0","0","0","0","null","null","null","null","Amauroascus niger","null"
"Acanthamoeba palestinensis Reich","AmoebaDB","GenBank","GCA_000826305.1","2015-01-29","yes","12659","0","0","0","0","null","null","null","null","Acanthamoeba palestinensis","null"
"Anopheles quadriannulatus SANGWE","VectorBase","INSDC","GCA_000349065.1","AquaS1.12","yes","0","0","13436","404","0","null","13436","9065","1368","Anopheles quadriannulatus","null"
"Acanthamoeba quina Vil3","AmoebaDB","GenBank","GCA_000826445.1","2015-02-07","yes","19748","0","0","0","0","null","null","null","null","Acanthamoeba quina","null"
"Acanthamoeba rhysodes Singh","AmoebaDB","GenBank","GCA_000826385.1","2015-01-31","yes","16388","0","0","0","0","null","null","null","null","Acanthamoeba rhysodes","null"
"Anopheles sinensis China","VectorBase","INSDC","GCA_000441895.2","AsinC2.2","no","0","0","19352","342","0","null","19352","9834","764","Anopheles sinensis","null"
"Anopheles sinensis SINENSIS","VectorBase","INSDC","GCA_000472065.2","AsinS2.6","yes","0","0","12905","301","0","null","12905","8461","757","Anopheles sinensis","null"
"Anopheles stephensi Indian","VectorBase","INSDC","GCA_000300775.2","AsteI2.3","no","0","0","11789","400","0","null","11789","8395","1306","Anopheles stephensi","null"
"Anopheles stephensi SDA-500","VectorBase","INSDC","GCA_000349045.1","AsteS1.8","yes","0","0","13336","275","0","null","13336","8677","1352","Anopheles stephensi","null"
"Acanthamoeba triangularis SH621","AmoebaDB","GenBank","GCA_000826325.1","2015-01-31","yes","26357","0","0","0","0","null","null","null","null","Acanthamoeba triangularis","null"
"Blechomonas ayalai B08-376","TriTrypDB","YurchenkoLab","Jan 18, 2017","Jan 18, 2017","yes","546","0","8042","84","0","2","8042","3173","null","Blechomonas ayalai","null"
"Besnoitia besnoiti strain Bb-Ger1","ToxoDB","GenBank","GCA_002563875.1","Oct 18, 2017","yes","172","13","8224","326","0","null","8224","5080","711","Besnoitia besnoiti","null"
"Babesia bigemina strain BOND","PiroplasmaDB","GenBank","GCA_000723445.1","2015-01-22","yes","0","5","5079","11","0","null","5079","2937","358","Babesia bigemina","null"
"Byssoonygena ceratinophila isolate UAMH 5669","FungiDB","GenBank","Nov 03, 2015","n/a","yes","4851","0","0","0","0","null","null","null","null","Byssoonygena ceratinophila","null"
"Babesia divergens strain 1802A","PiroplasmaDB","GenBank","N/A","2013-12-19","yes","0","0","4129","58","8","2","4129","1685","null","Babesia divergens","null"
"Babesia divergens strain Rouen 1987","PiroplasmaDB","GenBank","GCA001077455.2","n/a","no","0","0","0","0","0","null","null","null","null","Babesia divergens","null"
"Biomphalaria glabrata BB02","VectorBase","INSDC","GCA_000457365.1","BglaB1.7","yes","0","0","25561","6424","174","null","25550","16656","1233","Biomphalaria glabrata","null"
"Babesia microti strain ATCC 30222","PiroplasmaDB","INSDC","GCA_001650055.1","null","no","234","0","0","0","0","null","null","null","null","Babesia microti","null"
"Babesia microti strain ATCC PRA-99","PiroplasmaDB","GenBank","GCA_001650065.1","n/a","no","82","0","0","0","0","null","null","null","null","Babesia microti","null"
"Babesia microti strain GI","PiroplasmaDB","INSDC","GCA_001650105.1","null","no","140","0","0","0","0","null","null","null","null","Babesia microti","null"
"Babesia microti strain GreenwichYale_Lab_strain_1","PiroplasmaDB","INSDC","GCA_001650075.1","null","no","250","0","0","0","0","null","null","null","null","Babesia microti","null"
"Babesia microti Nan_Hs_2011_N11-50","PiroplasmaDB","INSDC","GCA_001650145.1","null","no","131","0","0","0","0","null","null","null","null","Babesia microti","null"
"Babesia microti strain Naushon","PiroplasmaDB","INSDC","GCA_001650135.1","null","no","131","0","0","0","0","null","null","null","null","Babesia microti","null"
"Babesia ovata strain Miyake","PiroplasmaDB","GenBank","GCA_002897235.1","2017-12-16","yes","91","0","5031","77","0","null","5031","2841","334","Babesia ovata","null"
"Bodo saltans strain Lake Konstanz","TriTrypDB","GenBank","Nov 19, 2015","Nov 19, 2015","yes","0","0","18213","9","434","null","17765","5489","null","Bodo saltans","null"
"Babesia sp. Xinjiang Xinjiang","PiroplasmaDB","GenBank","GCA_002095265.1","Apr. 18, 2017","yes","0","0","3066","41","0","null","3066","1993","331","Babesia sp. Xinjiang","null"
"Bos taurus breed Hereford","HostDB","GenBank","Bos_taurus_UMD_3-1-1_2014-11","Bos_taurus_UMD_3-1-1_2014-11","yes","0","30","25622","219973","188867","null","20578","16191","10","Bos taurus","null"
"Candida albicans SC5314_B","FungiDB","CGD","A22-s07-m01-r59","A22-s07-m01-r59","no","0","8","6200","215","9","null","6191","3589","null","Candida albicans","null"
"Cryptosporidium andersoni isolate 30847","CryptoDB","GenBank","Nov 03, 2016","Nov 03, 2016","yes","135","0","3904","44","28","null","3876","1815","null","Cryptosporidium andersoni","null"
"Candida auris strain B8441","FungiDB","GenBank","Nov. 15, 2017","Nov. 15, 2017","yes","0","0","5417","167","3","2","5417","3317","459","Candida auris","null"
"Cryptosporidium baileyi TAMU-09Q1","CryptoDB","IGS","May 29, 2014","n/a","yes","153","0","0","0","0","null","null","null","null","Cryptosporidium baileyi","null"
"Cladophialophora carrionii KSF","FungiDB","GenBank","Aug 08, 2016","Aug 08, 2016","yes","22","0","11181","59","0","7","11181","5404","555","Cladophialophora carrionii","null"
"Cyclospora cayetanensis strain CHN_HEN01","ToxoDB","GenBank","GCA_000769155.2","2016-09-22","yes","2297","0","7153","302","0","6","7153","3528","362","Cyclospora cayetanensis","null"
"Cyclospora cayetanensis isolate NF1_C8","ToxoDB","GenBank","GCF_002999335.1","2018-09-06","no","738","0","5825","310","0","null","5825","2919","353","Cyclospora cayetanensis","null"
"Candida duobushaemulonis strain B09383","FungiDB","GenBank","May 01, 2018","May 01, 2018","yes","7","0","5173","156","2","null","5173","3203","446","Candida duobushaemulonis","null"
"Crithidia fasciculata strain Cf-Cl","TriTrypDB","BeverleyLab","Jun 01, 2015","Jun 01, 2015","yes","0","30","9489","130","434","24","9055","4300","47","Crithidia fasciculata","null"
"Cytauxzoon felis strain Winnie","PiroplasmaDB","GenBank","N/A","2015-01-20","yes","361","0","4323","66","12","null","4317","1637","null","Cytauxzoon felis","null"
"Candida haemulonis B11899","FungiDB","GenBank","May 01, 2018","May 01, 2018","yes","11","0","5249","160","3","null","5249","3254","456","Candida haemulonis","null"
"Cryptosporidium hominis isolate 30976","CryptoDB","KissingerLab","Nov 16, 2017","Nov 16, 2017","no","53","0","3949","45","0","null","3949","1775","null","Cryptosporidium hominis","null"
"Cryptosporidium hominis 37999","CryptoDB","GenBank","December 18, 2014","n/a","no","78","0","0","0","0","null","null","null","null","Cryptosporidium hominis","null"
"Cryptosporidium hominis isolate TU502_2012","CryptoDB","GenBank","Jan 06, 2017","Jan 06, 2017","no","119","0","3745","52","0","1","3745","2267","747","Cryptosporidium hominis","null"
"Cryptosporidium hominis UKH1","CryptoDB","IGS","May 29, 2014","n/a","no","156","0","0","0","0","null","null","null","null","Cryptosporidium hominis","null"
"Cryptosporidium hominis UdeA01","CryptoDB","GenBank","Dec 3, 2015","Dec 3, 2015","no","0","8","3818","45","1","8","3817","1745","23","Cryptosporidium hominis","null"
"Cladophialophora immunda strain CBS 83496","FungiDB","GenBank","Jun 16, 2016","Jun 16, 2016","yes","0","0","12830","49","4","null","12830","6533","586","Cladophialophora immunda","null"
"Cimex lectularius Harlan","VectorBase","INSDC","GCA_000648675.1","ClecH1.3","yes","0","0","14083","1209","2","null","14083","8445","1097","Cimex lectularius","null"
"Cryptosporidium meleagridis strain UKMEL1","CryptoDB","GenBank","Feb 02, 2018","Feb 02, 2018","yes","57","0","3753","53","0","null","3753","1955","81","Cryptosporidium meleagridis","null"
"Cryptococcus neoformans var. grubii KN99","FungiDB","GenBank","Nov 8, 2018","Nov 8, 2018","no","0","14","6967","167","6","null","6967","3791","null","Cryptococcus neoformans","null"
"Cryptosporidium parvum IOWA-ATCC","CryptoDB","KissingerLab","Sep 25, 2019","Sep 25, 2019","no","0","8","3894","58","1","null","3893","1779","null","Cryptosporidium parvum","null"
"Chrysosporium queenslandicum isolate CBS 280.77","FungiDB","GenBank","Nov 03, 2015","n/a","yes","2724","0","0","0","0","null","null","null","null","Chrysosporium queenslandicum","null"
"Culex quinquefasciatus Johannesburg","VectorBase","INSDC","GCA_000209185.1","CpipJ2.5","yes","0","0","18965","828","0","null","18965","13310","1037","Culex quinquefasciatus","null"
"Cystoisospora suis strain Wien I","ToxoDB","GenBank","GCA_002600585.1","2017-10-20","yes","14627","0","11543","0","0","null","11543","5654","458","Cystoisospora suis","null"
"Cryptosporidium tyzzeri isolate UGA55","CryptoDB","KissingerLab","Nov 16, 2017","Nov 16, 2017","yes","3","8","3977","61","0","null","3977","1779","null","Cryptosporidium tyzzeri","null"
"Cryptosporidium ubiquitum isolate 39726","CryptoDB","GenBank","Nov 17, 2016","Nov 17, 2016","yes","39","0","3766","45","0","null","3766","1745","null","Cryptosporidium ubiquitum","null"
"Eimeria acervulina Houghton","ToxoDB","GenBank","GCA_000499425.1","2013-11-05","yes","0","0","6867","0","0","5","6867","3521","323","Eimeria acervulina","null"
"Eimeria brunetti Houghton","ToxoDB","GenBank","GCA_000499725.1","2013-11-05","yes","0","0","8711","0","0","null","8711","3698","266","Eimeria brunetti","null"
"Enterospora canceri strain GB1","MicrosporidiaDB","GenBank","Apr 12, 2017","Apr 12, 2017","yes","537","0","2178","47","9","null","2169","792","null","Enterospora canceri","null"
"Eimeria falciformis Bayer Haberkorn 1970","ToxoDB","GenBank","GCA_002271815.1","2014-02-10","yes","751","0","5811","226","0","null","5811","2880","8","Eimeria falciformis","null"
"Encephalitozoon hellem Swiss","MicrosporidiaDB","KeelingLab","Sep 29, 2011","Sep 29, 2011","no","0","13","1813","51","0","1","1813","1000","null","Encephalitozoon hellem","null"
"Enterocytozoon hepatopenaei strain TH1","MicrosporidiaDB","GenBank","Apr 06, 2017","Apr 06, 2017","yes","62","0","2536","45","1","null","2536","869","80","Enterocytozoon hepatopenaei","null"
"Eimeria maxima Weybridge","ToxoDB","GenBank","GCA_000499605.1","2013-11-05","yes","0","0","6057","0","0","5","6057","2934","249","Eimeria maxima","null"
"Exophiala mesophila strain CBS 40295","FungiDB","GenBank","Jun 16, 2016","Jun 16, 2016","yes","0","0","9181","56","5","null","9181","5094","568","Exophiala mesophila","null"
"Eimeria mitis Houghton","ToxoDB","GenBank","GCA_000499745.2","2013-11-05","yes","0","0","10077","0","0","null","10077","3783","201","Eimeria mitis","null"
"Endotrypanum monterogeii strain LV88","TriTrypDB","GeneDB","Jan 16, 2015","Jan 16, 2015","yes","0","36","8285","129","0","3","8285","3871","51","Endotrypanum monterogeii","null"
"Entamoeba moshkovskii Laredo","AmoebaDB","GenBank","GCA_002914575.1","2012-10-15","yes","3460","0","12260","189","0","68","12260","4777","385","Entamoeba moshkovskii","null"
"Eimeria necatrix Houghton","ToxoDB","GenBank","GCA_000499385.1 ","2014-01-28","yes","0","0","8603","0","0","6","8603","4320","381","Eimeria necatrix","null"
"Exophiala oligosperma strain CBS 72588","FungiDB","GenBank","Jun 16, 2016","Jun 16, 2016","yes","0","0","11893","45","1","null","11893","6342","601","Exophiala oligosperma","null"
"Eimeria praecox Houghton","ToxoDB","GenBank","GCA_000499445.1","2013-11-05","yes","0","0","7635","0","0","null","7635","2691","164","Eimeria praecox","null"
"Fusarium proliferatum strain NRRL62905","FungiDB","GenBank","Dec 06, 2016","Dec 06, 2016","no","155","0","15254","348","0","null","15254","7641","null","Fusarium proliferatum","null"
"Giardia Assemblage A2 isolate DH","GiardiaDB","GenBank","Nov 25, 2013","Nov 25, 2013","no","239","0","5147","62","1","null","5147","2093","null","Giardia Assemblage A","null"
"Giardia assemblage A isolate AS175","GiardiaDB","GenBank","Dec 8, 2015","n/a","no","1139","0","0","0","0","null","null","null","null","Giardia Assemblage A","null"
"Giardia assemblage B isolate BAH15c1","GiardiaDB","GenBank","Feb 2, 2016","n/a","no","508","0","0","0","0","null","null","null","null","Giardia Assemblage B","null"
"Giardia Assemblage B isolate GS_B","GiardiaDB","GenBank","Nov 25, 2013","Nov 25, 2013","no","543","0","6098","68","0","1","6098","2203","null","Giardia Assemblage B","null"
"Glossina austeni TTRI","VectorBase","INSDC","GCA_000688735.1","GausT1.8","yes","0","0","19720","378","0","null","19720","11568","1705","Glossina austeni","null"
"Glossina brevipalpis IAEA","VectorBase","INSDC","GCA_000671755.1","GbreI1.8","yes","0","0","14656","335","0","null","14656","10535","1334","Glossina brevipalpis","null"
"Glossina fuscipes IAEA","VectorBase","INSDC","GCA_000671735.1","GfusI1.8","yes","0","0","20117","385","0","null","20117","11860","1725","Glossina fuscipes","null"
"Glossina morsitans Yale","VectorBase","INSDC","GCA_001077435.1","GmorY1.10","yes","0","0","12539","376","0","null","12494","8616","1398","Glossina morsitans","null"
"Giardia muris strain Roberts-Thomson","GiardiaDB","GenBank","Jun 11, 2019","Jun 11, 2019","yes","54","5","4940","297","279","null","4661","2228","null","Giardia muris","null"
"Gregarina niphandrodes Unknown strain","CryptoDB","GenBank","Apr 9, 2014","Apr 9, 2014","yes","0","0","6375","231","0","null","6375","2299","391","Gregarina niphandrodes","null"
"Glossina pallidipes IAEA","VectorBase","INSDC","GCA_000688715.1","GpalI1.8","yes","0","0","19278","360","0","null","19278","10927","1503","Glossina pallidipes","null"
"Glossina palpalis IAEA","VectorBase","INSDC","GCA_000818775.1","GpapI1.5","yes","0","0","20162","373","0","null","20162","11614","1564","Glossina palpalis","null"
"Hepatospora eriocheir strain GB1","MicrosporidiaDB","GenBank","Apr 12, 2017","Apr 12, 2017","yes","1300","0","2716","54","26","null","2691","789","null","Hepatospora eriocheir","null"
"Hepatospora eriocheir strain canceri","MicrosporidiaDB","GenBank","Apr 12, 2017","Apr 12, 2017","no","2344","0","3058","59","7","null","3052","853","null","Hepatospora eriocheir","null"
"Hammondia hammondi strain H.H.34","ToxoDB","GenBank","GCA_000258005.1","2014-06-30","yes","0","0","8003","174","0","13","8003","3853","1183","Hammondia hammondi","null"
"Homo sapiens REF","HostDB","GENCODE","GRCh38","24","yes","0","24","44884","25555","22589","3","22260","23021","null","Homo sapiens","null"
"Ixodes scapularis ISE6","VectorBase","INSDC","GCA_002892825.2","IscaI1.0","no","0","0","19062","4408","0","null","19062","12117","1307","Ixodes scapularis","null"
"Ixodes scapularis Wikel","VectorBase","INSDC","GCA_000208615.1","IscaW1.7","yes","0","0","20488","2854","0","null","20488","12972","1451","Ixodes scapularis","null"
"Leishmania amazonensis MHOM/BR/71973/M2269","TriTrypDB","GenBank","Jul 18, 2013","Dec 6, 2018","yes","0","0","8031","96","337","null","7694","4530","null","Leishmania amazonensis","null"
"Leishmania arabica strain LEM1108","TriTrypDB","GeneDB","Dec 16, 2014","Dec 16, 2014","yes","0","36","8646","109","0","13","8646","3722","50","Leishmania arabica","null"
"Leishmania braziliensis MHOM/BR/75/M2904 2019","TriTrypDB","Sanger","Jul 30, 2019","Jul 30, 2019","no","15","35","8484","115","973","null","7511","3529","null","Leishmania braziliensis","null"
"Leptotrombidium deliense UoL-UT","VectorBase","INSDC","GCA_003675905.1","LdelU1.1","yes","0","0","14667","348","0","null","14667","11343","956","Leptotrombidium deliense","null"
"Leishmania donovani strain BHU 1220","TriTrypDB","GenBank","Nov 6, 2013","n/a","no","0","36","0","0","0","null","null","null","null","Leishmania donovani","null"
"Leishmania donovani CL-SL","TriTrypDB","GenBank","Nov 09, 2018","Nov 09, 2018","no","0","36","8632","1125","0","3","8632","3559","1004","Leishmania donovani","null"
"Leishmania donovani strain LV9","TriTrypDB","Sanger","Feb 27, 2019","Feb 27, 2019","no","108","36","8245","142","832","3","7413","3477","null","Leishmania donovani","null"
"Leishmania enriettii strain LEM3045","TriTrypDB","GeneDB","Dec 16, 2014","Dec 16, 2014","yes","0","36","8731","100","0","13","8731","3740","51","Leishmania enriettii","null"
"Leishmania gerbilli strain LEM452","TriTrypDB","GeneDB","Dec 16, 2014","Dec 16, 2014","yes","0","36","8599","101","0","12","8599","3748","38","Leishmania gerbilli","null"
"Lutzomyia longipalpis Jacobina","VectorBase","INSDC","GCA_000265325.1","LlonJ1.6","yes","0","0","10427","338","0","null","10426","7499","1150","Lutzomyia longipalpis","null"
"Leishmania panamensis strain MHOM/PA/94/PSC-1","TriTrypDB","GenBank","Mar 05, 2015","Mar 05, 2015","no","0","35","7896","152","185","1","7711","3255","1097","Leishmania panamensis","null"
"Lomentospora prolificans JHH-5317","FungiDB","GenBank","Dec 19, 2017","Dec 19, 2017","yes","1624","0","8560","418","6","null","8560","4860","583","Lomentospora prolificans","null"
"Leptomonas pyrrhocoris H10","TriTrypDB","LukesLab","May 05, 2015","May 05, 2015","yes","0","35","9878","270","0","8","9878","4010","null","Leptomonas pyrrhocoris","null"
"Leptomonas seymouri ATCC 30220","TriTrypDB","YurchenkoLab","May 06, 2015","May 06, 2015","yes","1222","0","8488","107","0","3","8488","3351","null","Leptomonas seymouri","null"
"Leishmania tarentolae Parrot-TarII","TriTrypDB","CorbeilLab","Jun 22, 2011","Jun 22, 2011","yes","1311","36","8452","78","0","37","8452","3338","null","Leishmania tarentolae","null"
"Leishmania turanica strain LEM423","TriTrypDB","GeneDB","Dec 16, 2014","Dec 16, 2014","yes","0","36","8608","109","0","9","8608","3733","40","Leishmania turanica","null"
"Mitosporidium daphniae UGP3","MicrosporidiaDB","GenBank","Sep 30, 2014","Sep 30, 2014","yes","612","0","3330","98","0","null","3330","1680","null","Mitosporidium daphniae","null"
"Musca domestica aabys","VectorBase","INSDC","GCA_000371365.1","MdomA1.4","yes","0","0","14402","1733","126","null","14402","10390","1200","Musca domestica","null"
"Monocercomonoides exilis PA203","GiardiaDB","HamplLab","Jul 27, 2019","Jul 27, 2019","yes","0","0","16619","157","3","null","16619","5474","null","Monocercomonoides exilis","null"
"Macaca mulatta isolate 17573","HostDB","NorgrenLab","v7","v7.8.5","yes","0","21","18209","547","99","null","18205","12023","null","Macaca mulatta","null"
"Mus musculus C57BL6J","HostDB","GENCODE","GRCm38","M9","yes","0","21","45666","39365","20409","null","25226","27541","null","Mus musculus","null"
"Magnaporthe oryzae BR32","FungiDB","GEMO","Nov 02, 2011","Nov 02, 2011","no","0","0","14349","651","13","null","14349","5700","null","Magnaporthe oryzae","null"
"Malassezia restricta KCTC 27527","FungiDB","GenBank","Jul 09, 2018","Jul 09, 2018","yes","0","9","4406","137","0","null","4406","2746","null","Malassezia restricta","null"
"Naganishia albida JCM2334","FungiDB","GenBank","Mar 01, 2016","n/a","no","74","0","0","0","0","null","null","null","null","Naganishia albida","null"
"Naganishia albida NRRL Y-1402","FungiDB","GenBank","Jul 26, 2016","Jul 26, 2016","yes","834","0","0","0","0","null","null","null","null","Naganishia albida","null"
"Nematocida ausubeli ERTm2","MicrosporidiaDB","GenBank","Mar 18, 2015","Mar 18, 2015","yes","0","0","2770","61","0","null","2770","947","null","Nematocida ausubeli","null"
"Nematocida ausubeli ERTm6","MicrosporidiaDB","GenBank","Aug 11, 2014","Aug 11, 2014","no","0","0","2433","111","0","null","2433","950","null","Nematocida ausubeli","null"
"Nosema ceranae strain PA08_1199","MicrosporidiaDB","GenBank","May 5, 2015","May 5, 2015","no","536","0","3228","37","19","null","3209","1023","102","Nosema ceranae","null"
"Nematocida displodere strain JUm2807","MicrosporidiaDB","GenBank","May 11, 2016","May 11, 2016","yes","40","0","2278","46","0","null","2278","957","110","Nematocida displodere","null"
"Naegleria fowleri ATCC 30863","AmoebaDB","GenBank","GCA_000499105.1","2014-11-05","yes","0","0","13235","17","2","6","13235","6052","568","Naegleria fowleri","null"
"Naegleria fowleri strain ATCC 30894","AmoebaDB","INSDC","GCA_008403515.1","Jan 15, 2020","no","0","0","13765","23","0","null","13765","6657","987","Naegleria fowleri","null"
"Naegleria lovaniensis strain ATCC 30569","AmoebaDB","INSDC","GCA_003324165.1","n/a","yes","109","0","0","0","0","null","null","null","null","Naegleria lovaniensis","null"
"Plasmodium adleri G01","PlasmoDB","Sanger","Nov 29, 2017","Nov 29, 2017","yes","68","14","5414","152","89","5","5325","2313","null","Plasmodium adleri","null"
"Plasmodium billcollinsi G01","PlasmoDB","Sanger","Nov 29, 2017","Nov 29, 2017","yes","75","14","5460","131","143","5","5317","2167","null","Plasmodium billcollinsi","null"
"Plasmodium blacklocki G01","PlasmoDB","Sanger","Nov 29, 2017","Nov 29, 2017","yes","83","14","5231","151","131","5","5100","2227","null","Plasmodium blacklocki","null"
"Plasmodium coatneyi Hackeri","PlasmoDB","GenBank","Sep 16, 2016","Sep 16, 2016","yes","0","14","5516","59","0","5","5516","2153","null","Plasmodium coatneyi","null"
"Paratrypanosoma confusum CUL13","TriTrypDB","FlegontovLab","Mar 02, 2018","Mar 02, 2018","yes","1922","0","8659","59","0","2","8659","3380","null","Paratrypanosoma confusum","null"
"Plasmodium falciparum CD01","PlasmoDB","Sanger","Apr 20, 2018","Apr 20, 2018","no","5","14","5386","97","228","9","5158","2263","1049","Plasmodium falciparum","null"
"Plasmodium falciparum GA01","PlasmoDB","Sanger","Apr 20, 2018","Apr 20, 2018","no","4","14","5387","164","163","9","5224","2284","1052","Plasmodium falciparum","null"
"Plasmodium falciparum GB4","PlasmoDB","Sanger","Apr 20, 2018","Apr 20, 2018","no","10","14","5473","164","138","9","5335","2304","1059","Plasmodium falciparum","null"
"Plasmodium falciparum GN01","PlasmoDB","Sanger","Apr 20, 2018","Apr 20, 2018","no","3","14","5467","133","169","10","5298","2313","1055","Plasmodium falciparum","null"
"Plasmodium falciparum IT","PlasmoDB","Sanger","Apr 20, 2018","Apr 20, 2018","no","11","14","5383","194","133","19","5250","2282","1049","Plasmodium falciparum","null"
"Plasmodium falciparum KE01","PlasmoDB","Sanger","Apr 20, 2018","Apr 20, 2018","no","5","14","5331","148","97","8","5234","2280","1051","Plasmodium falciparum","null"
"Plasmodium falciparum KH01","PlasmoDB","Sanger","Apr 20, 2018","Apr 20, 2018","no","6","14","5433","137","169","9","5264","2290","1055","Plasmodium falciparum","null"
"Plasmodium falciparum KH02","PlasmoDB","Sanger","Apr 20, 2018","Apr 20, 2018","no","5","14","5386","168","118","9","5268","2283","1056","Plasmodium falciparum","null"
"Plasmodium falciparum ML01","PlasmoDB","Sanger","Apr 20, 2018","Apr 20, 2018","no","101","14","5911","156","629","8","5282","2373","1066","Plasmodium falciparum","null"
"Plasmodium falciparum SD01","PlasmoDB","Sanger","Apr 20, 2018","Apr 20, 2018","no","4","13","5310","134","181","10","5129","2273","1053","Plasmodium falciparum","null"
"Plasmodium falciparum SN01","PlasmoDB","Sanger","Apr 20, 2018","Apr 20, 2018","no","20","14","5454","138","103","8","5351","2303","1053","Plasmodium falciparum","null"
"Plasmodium falciparum TG01","PlasmoDB","Sanger","Apr 20, 2018","Apr 20, 2018","no","63","14","5926","134","243","10","5683","2393","1069","Plasmodium falciparum","null"
"Plasmodium fragile strain nilgiri","PlasmoDB","GenBank","Jul 26, 2016","Jul 26, 2016","yes","0","0","5672","72","15","5","5672","2201","null","Plasmodium fragile","null"
"Plasmodium gaboni strain G01","PlasmoDB","Sanger","Nov 29, 2017","Nov 29, 2017","no","82","14","5222","146","88","5","5134","2277","null","Plasmodium gaboni","null"
"Plasmodium gaboni strain SY75","PlasmoDB","GenBank","Jun 16, 2016","Jun 16, 2016","yes","818","14","5286","145","88","5","5198","2238","null","Plasmodium gaboni","null"
"Plasmodium gallinaceum 8A","PlasmoDB","GeneDB","Jan 09, 2017","Jan 09, 2017","yes","152","0","5307","132","21","6","5286","2621","597","Plasmodium gallinaceum","null"
"Pediculus humanus USDA","VectorBase","INSDC","GCA_000006295.1","PhumU2.5","yes","0","0","10785","927","0","null","10785","7934","716","Pediculus humanus","null"
"Plasmodium knowlesi strain Malayan Strain Pk1 A","PlasmoDB","GenBank","May 15, 2017","May 15, 2017","no","0","0","5281","62","22","5","5259","2169","null","Plasmodium knowlesi","null"
"Plasmodium malariae UG01","PlasmoDB","GeneDB","Sep 19, 2016","Sep 19, 2016","yes","47","14","6573","136","631","7","5942","2903","680","Plasmodium malariae","null"
"Pseudoloma neurophilia strain MK1","MicrosporidiaDB","GenBank","Nov 05, 2015","Nov 05, 2015","yes","1603","0","3645","31","0","null","3645","1145","null","Pseudoloma neurophilia","null"
"Plasmodium ovale curtisi GH01","PlasmoDB","GeneDB","Mar 06, 2017","Mar 06, 2017","yes","638","14","7162","118","497","7","6665","2686","641","Plasmodium ovale curtisi","null"
"Phytophthora palmivora var. palmivora strain sbr112.9","FungiDB","GenBank","Feb 02, 2018","Feb 02, 2018","yes","24809","0","28185","197","3523","null","24674","8648","null","Phytophthora palmivora","null"
"Phlebotomus papatasi Israel","VectorBase","INSDC","GCA_000262795.1","PpapI1.6","yes","0","0","11391","444","0","null","11391","7967","1146","Phlebotomus papatasi","null"
"Phytophthora plurivora AV1007","FungiDB","GenBank","Aug 11, 2017","Aug 11, 2017","yes","1897","0","0","0","0","null","null","null","null","Phytophthora plurivora","null"
"Plasmodium praefalciparum strain G01","PlasmoDB","Sanger","Nov 29, 2017","Nov 29, 2017","yes","39","14","5953","167","141","5","5812","2310","null","Plasmodium praefalciparum","null"
"Phytophthora ramorum strain Pr102","FungiDB","JGI","1.1","1.1","yes","0","0","15743","154","11","null","15743","6297","null","Phytophthora ramorum","null"
"Plasmodium reichenowi CDC","PlasmoDB","GeneDB","Jun 18, 2015","Jun 18, 2015","yes","0","14","5769","223","139","9","5630","3406","937","Plasmodium reichenowi","null"
"Plasmodium reichenowi G01","PlasmoDB","Sanger","Nov 29, 2017","Nov 29, 2017","no","34","14","5741","168","97","5","5644","2300","null","Plasmodium reichenowi","null"
"Plasmodium relictum SGS1-like","PlasmoDB","GeneDB","Jan 09, 2017","Jan 09, 2017","yes","498","14","5178","128","40","7","5138","2634","690","Plasmodium relictum","null"
"Plasmodium vinckei petteri strain CR","PlasmoDB","GenBank","Jan 31, 2014","Jan 31, 2014","no","0","0","5160","53","0","6","5160","2124","null","Plasmodium vinckei","null"
"Plasmodium vinckei vinckei strain vinckei","PlasmoDB","GenBank","Jun 17, 2014","Jun 17, 2014","yes","0","0","4954","55","0","6","4954","2105","null","Plasmodium vinckei","null"
"Plasmodium vivax P01","PlasmoDB","GeneDB","Feb 28, 2018","Feb 28, 2018","yes","226","14","6677","153","158","47","6519","2984","634","Plasmodium vivax","null"
"Plasmodium vivax-like Pvl01","PlasmoDB","Sanger","Jun 21, 2018","Jun 21, 2018","yes","1176","14","5531","73","256","1","5275","2081","528","Plasmodium vivax-like sp.","null"
"Plasmodium yoelii yoelii 17X","PlasmoDB","GeneDB","Oct 27, 2016","Oct 27, 2016","yes","0","14","6091","166","56","453","6035","2760","594","Plasmodium yoelii","null"
"Plasmodium yoelii yoelii YM","PlasmoDB","GeneDB","Jun 18, 2015","Jun 18, 2015","no","0","14","5684","131","54","8","5630","2394","550","Plasmodium yoelii","null"
"Rhizophagus irregularis A1 (DAOM-664342)","FungiDB","GenBank","Dec 11, 2017","Dec 11, 2017","no","11196","0","26476","106","2","null","26476","7947","600","Rhizophagus irregularis","null"
"Rhodnius prolixus CDC","VectorBase","INSDC","GCA_000181055.3","RproC3.4","yes","0","0","15066","670","47","null","15059","9418","1456","Rhodnius prolixus","null"
"Scedosporium apiospermum IHEM 14462","FungiDB","GenBank","Mar 30, 2018","Mar 30, 2018","yes","176","0","10920","271","2556","2","8376","6069","654","Scedosporium apiospermum","null"
"Stomoxys calcitrans USDA","VectorBase","INSDC","GCA_001015335.1","ScalU1.6","yes","0","0","14078","2892","117","null","14078","10169","895","Stomoxys calcitrans","null"
"Sarcocystis neurona SN3","ToxoDB","GenBank","GCA_000727475.1","2015-04-13","yes","701","0","6965","124","0","4","6965","2838","1","Sarcocystis neurona","null"
"Sarcocystis neurona SO SN1","ToxoDB","GenBank","GCA_000875885.1","2015-07-23","no","0","0","7077","0","0","5","7077","2819","null","Sarcocystis neurona","null"
"Spironucleus salmonicida ATCC50377","GiardiaDB","GenBank","Mar 23, 2015","Mar 23, 2015","yes","0","0","8354","153","21","10","8333","2189","null","Spironucleus salmonicida","null"
"Sarcoptes scabiei Arlian","VectorBase","INSDC","GCA_000828355.1","SscaA1.2","yes","0","1","10471","326","186","null","10471","6701","629","Sarcoptes scabiei","null"
"Trypanosoma brucei Lister strain 427","TriTrypDB","GeneDB","Jan 16, 2013","Jan 16, 2013","no","21","11","8844","469","530","172","8314","3662","830","Trypanosoma brucei","null"
"Trypanosoma brucei Lister strain 427 2018","TriTrypDB","SiegelLab","Dec 17, 2018","Dec 17, 2018","no","272","44","16869","374","5481","6","11388","5299","null","Trypanosoma brucei","null"
"Trypanosoma congolense IL3000 2019","TriTrypDB","Liverpool","Sep 10, 2019","Sep 10, 2019","no","364","11","10050","265","2028","null","8022","3829","1017","Trypanosoma congolense","null"
"Trypanosoma cruzi strain 231","TriTrypDB","GenBank","Nov 6, 2013","n/a","no","8469","0","0","0","0","null","null","null","null","Trypanosoma cruzi","null"
"Trypanosoma cruzi Brazil A4","TriTrypDB","TarletonLab","Aug 26, 2019","Aug 26, 2019","no","359","43","18708","71","4475","2","14233","5230","null","Trypanosoma cruzi","null"
"Trypanosoma cruzi Bug2148","TriTrypDB","GenBank","Oct 03, 2017","n/a","no","929","0","0","0","0","null","null","null","null","Trypanosoma cruzi","null"
"Trypanosoma cruzi CL Brener Esmeraldo-like","TriTrypDB","GeneDB","Dec 07, 2015","Dec 07, 2015","yes","0","41","10338","258","1299","2439","9039","6581","513","Trypanosoma cruzi","null"
"Trypanosoma cruzi CL Brener Non-Esmeraldo-like","TriTrypDB","GeneDB","Dec 07, 2015","Dec 07, 2015","no","0","41","10831","275","1446","979","9385","6626","570","Trypanosoma cruzi","null"
"Trypanosoma cruzi Dm28c 2017","TriTrypDB","GenBank","Sep 15, 2017","Sep 15, 2017","no","1028","0","20350","2520","6707","4","13643","5789","null","Trypanosoma cruzi","null"
"Trypanosoma cruzi Dm28c 2018","TriTrypDB","GenBank","May 30, 2018","May 30, 2018","no","636","0","17197","1915","1878","10","15319","5714","1843","Trypanosoma cruzi","null"
"Trypanosoma cruzi Sylvio X10/1","TriTrypDB","AnderssonLab","Mar 18, 2017","Mar 18, 2017","no","0","47","20619","65","1976","4","18643","3090","null","Trypanosoma cruzi","null"
"Trypanosoma cruzi Sylvio X10/1-2012","TriTrypDB","GenBank","Oct 2, 2012","Oct 2, 2012","no","27019","0","10876","71","30","21","10847","3321","null","Trypanosoma cruzi","null"
"Trypanosoma cruzi TCC","TriTrypDB","GenBank","May 30, 2018","May 30, 2018","no","1236","0","27155","2147","2964","6","24191","9125","1152","Trypanosoma cruzi","null"
"Trypanosoma cruzi strain Y","TriTrypDB","GenBank","Oct 03, 2017","n/a","no","9821","0","0","0","0","null","null","null","null","Trypanosoma cruzi","null"
"Trypanosoma cruzi Y C6","TriTrypDB","TarletonLab","Aug 26, 2019","Aug 26, 2019","no","226","40","17650","63","3382","3","14268","4808","null","Trypanosoma cruzi","null"
"Trypanosoma cruzi marinkellei strain B7","TriTrypDB","null","null","null","no","0","0","10228","54","0","19","10228","3290","null","Trypanosoma cruzi","null"
"Trypanosoma evansi strain STIB 805","TriTrypDB","SchnauferLab","Jun 03, 2014","Jun 03, 2014","yes","0","13","10109","65","1190","16","8919","3600","null","Trypanosoma evansi","null"
"Toxoplasma gondii RH 2016","ToxoDB","GenBank","GCA_001593265.1","n/a","no","441","0","0","0","0","null","null","null","null","Toxoplasma gondii","null"
"Trypanosoma grayi ANR4","TriTrypDB","GenBank","Jun 17, 2014","Jun 17, 2014","yes","2871","0","10585","91","2","14","10585","4238","null","Trypanosoma grayi","null"
"Trachipleistophora hominis Unknown strain","MicrosporidiaDB","GenBank","Mar 19, 2015","Mar 19, 2015","yes","0","0","3212","41","0","null","3212","1018","549","Trachipleistophora hominis","null"
"Trypanosoma theileri isolate Edinburgh","TriTrypDB","GenBank","Apr 12, 2017","Apr 12, 2017","yes","253","0","11312","160","3","2","11312","3945","403","Trypanosoma theileri","null"
"Yarrowia lipolytica CLIB89 (W29)","FungiDB","GenBank","Oct 25, 2016","Oct 25, 2016","no","0","6","8064","682","119","null","7949","3832","542","Yarrowia lipolytica","null"
